date,YouTube,TikTok,Instagram,LinkedIn,Reddit
2023-06-04,76,15,39,5,14
2023-06-11,74,16,38,6,14
2023-06-18,73,16,39,5,13
2023-06-25,74,16,39,5,14
2023-07-02,71,16,42,5,14
2023-07-09,74,16,40,6,15
2023-07-16,80,16,42,5,15
2023-07-23,75,17,40,5,15
2023-07-30,80,17,38,5,14
2023-08-06,78,15,39,5,14
2023-08-13,79,17,39,5,15
2023-08-20,84,16,37,5,14
2023-08-27,80,16,39,5,14
2023-09-03,74,16,39,5,14
2023-09-10,77,15,36,5,14
2023-09-17,75,15,38,5,14
2023-09-24,75,15,37,5,14
2023-10-01,75,15,36,5,15
2023-10-08,75,15,36,5,15
2023-10-15,79,15,36,5,14
2023-10-22,81,15,36,5,14
2023-10-29,84,14,40,5,14
2023-11-05,79,14,37,5,14
2023-11-12,75,15,36,5,14
2023-11-19,77,15,36,5,14
2023-11-26,78,15,34,5,15
2023-12-03,78,16,37,5,15
2023-12-10,82,14,37,5,14
2023-12-17,81,14,37,5,15
2023-12-24,74,15,40,3,16
2023-12-31,75,15,38,4,17
2024-01-07,75,14,36,5,16
2024-01-14,77,14,37,5,15
2024-01-21,77,14,38,6,16
2024-01-28,80,13,32,6,16
2024-02-04,84,13,31,6,17
2024-02-11,84,12,32,6,17
2024-02-18,78,13,31,6,17
2024-02-25,76,12,30,6,17
2024-03-03,79,13,36,6,17
2024-03-10,78,15,31,6,16
2024-03-17,83,13,33,6,17
2024-03-24,83,13,33,5,17
2024-03-31,80,13,31,5,17
2024-04-07,79,13,30,5,17
2024-04-14,79,13,30,5,16
2024-04-21,82,13,31,5,17
2024-04-28,80,13,31,5,17
2024-05-05,80,13,32,5,17
2024-05-12,80,12,31,5,17
2024-05-19,77,13,30,5,17
2024-05-26,77,13,30,5,17
2024-06-02,79,13,31,5,17
2024-06-09,78,13,31,5,18
2024-06-16,79,14,31,5,17
2024-06-23,73,14,31,5,17
2024-06-30,74,13,32,5,17
2024-07-07,78,13,30,6,18
2024-07-14,77,13,32,5,18
2024-07-21,76,13,32,5,18
2024-07-28,81,13,32,5,18
2024-08-04,81,13,32,5,18
2024-08-11,80,14,31,5,19
2024-08-18,80,14,32,6,18
2024-08-25,81,13,32,6,18
2024-09-01,81,14,31,6,18
2024-09-08,78,13,30,6,17
2024-09-15,83,13,31,6,18
2024-09-22,80,13,31,6,18
2024-09-29,77,13,30,6,18
2024-10-06,82,14,31,6,18
2024-10-13,80,13,31,6,19
2024-10-20,82,14,31,6,19
2024-10-27,83,15,34,6,17
2024-11-03,81,13,31,5,18
2024-11-10,83,14,30,6,20
2024-11-17,85,14,29,6,21
2024-11-24,78,13,28,5,20
2024-12-01,82,14,28,6,20
2024-12-08,84,14,30,6,20
2024-12-15,84,14,28,6,19
2024-12-22,89,14,32,4,21
2024-12-29,79,15,32,4,22
2025-01-05,84,15,30,6,22
2025-01-12,84,20,30,6,21
2025-01-19,88,24,28,6,20
2025-01-26,83,14,28,7,20
2025-02-02,85,14,27,7,19
2025-02-09,89,14,30,6,19
2025-02-16,90,13,29,6,19
2025-02-23,89,14,30,6,20
2025-03-02,85,13,28,6,19
2025-03-09,86,14,30,7,19
2025-03-16,82,14,30,7,20
2025-03-23,84,13,28,6,19
2025-03-30,82,14,29,6,19
2025-04-06,85,14,29,6,18
2025-04-13,81,14,28,6,19
2025-04-20,82,14,29,6,19
2025-04-27,83,14,28,6,19
2025-05-04,86,14,29,6,18
2025-05-11,84,15,29,6,19
2025-05-18,91,15,29,7,18
2025-05-25,91,15,29,6,19
2025-06-01,84,15,29,7,19
2025-06-08,87,16,29,7,18
2025-06-15,88,15,29,7,19
2025-06-22,85,15,29,7,20
2025-06-29,85,15,27,7,20
2025-07-06,84,15,28,7,20
2025-07-13,89,16,29,7,20
2025-07-20,89,16,30,7,19
2025-07-27,92,18,31,7,19
2025-08-03,93,18,32,8,20
2025-08-10,92,18,34,8,21
2025-08-17,93,19,32,8,18
2025-08-24,96,18,31,8,19
2025-08-31,97,19,32,8,19
2025-09-07,97,17,32,8,18
2025-09-14,93,17,30,8,18
2025-09-21,98,18,31,8,18
2025-09-28,96,18,32,8,19
2025-10-05,97,17,31,8,19
2025-10-12,99,17,30,8,17
2025-10-19,94,17,30,7,18
2025-10-26,89,17,30,7,18
2025-11-02,92,18,30,8,18
2025-11-09,93,17,30,8,19
2025-11-16,93,17,29,8,18
2025-11-23,92,18,31,7,17
2025-11-30,100,18,32,8,18
2025-12-07,99,17,32,7,17
2025-12-14,99,18,32,7,17
2025-12-21,94,17,30,5,17
2025-12-28,83,18,31,5,18
2026-01-04,87,17,30,8,17
2026-01-11,88,18,29,8,18
2026-01-18,87,16,30,9,18
2026-01-25,92,19,30,10,17
2026-02-01,89,16,31,10,16
2026-02-08,88,16,31,9,16
2026-02-15,87,16,30,10,16
2026-02-22,86,17,30,14,16
2026-03-01,90,17,31,13,17
2026-03-08,89,17,29,12,17
2026-03-15,85,18,31,11,19
2026-03-22,87,18,32,9,20
2026-03-29,91,19,31,10,28
2026-04-05,88,19,32,10,30
2026-04-12,89,18,33,11,25
2026-04-19,86,17,31,9,22
2026-04-26,83,18,31,12,21
2026-05-03,82,19,33,16,22
2026-05-10,85,20,33,16,25
2026-05-17,86,19,31,9,24
2026-05-24,81,17,29,8,20
2026-05-31,86,17,29,9,23
